Date,Annex Weight Room,Extension Weight Room,Main Weight Room,Weight Rooms
15/10/2022 23:25:38,153,32,114,100
15/10/2022 23:26:39,146,30,118,100
15/10/2022 23:33:37,146,47,114,103
15/10/2022 23:38:38,143,50,114,103
15/10/2022 23:43:39,126,35,127,102
15/10/2022 23:48:39,123,40,122,100
15/10/2022 23:53:40,146,47,108,100
15/10/2022 23:58:41,140,57,107,100
16/10/2022 00:03:41,133,47,117,102
16/10/2022 00:08:42,143,50,113,102
16/10/2022 00:13:42,133,47,120,103
16/10/2022 00:18:43,143,45,116,103
16/10/2022 00:23:44,130,47,123,105
16/10/2022 00:28:44,153,55,113,106
16/10/2022 00:33:45,126,67,121,107
16/10/2022 00:38:45,100,67,132,108
16/10/2022 00:43:46,96,57,117,97
16/10/2022 00:48:47,93,47,97,83
16/10/2022 00:53:47,100,30,86,74
16/10/2022 00:58:48,73,10,75,56
16/10/2022 01:03:48,43,2,20,7
16/10/2022 01:08:49,43,0,17,5
16/10/2022 01:13:50,36,7,16,5
16/10/2022 01:18:50,36,0,17,4
16/10/2022 01:23:51,36,0,16,3
16/10/2022 01:28:51,36,0,16,3
16/10/2022 01:33:52,36,0,16,3
16/10/2022 01:38:53,36,0,16,3
16/10/2022 01:43:53,36,0,16,3
16/10/2022 01:48:54,36,0,16,3
16/10/2022 01:53:54,36,0,16,3
16/10/2022 01:58:55,36,0,16,3
16/10/2022 02:03:56,36,0,16,3
16/10/2022 02:08:56,36,0,16,3
16/10/2022 02:13:57,36,0,16,3
16/10/2022 02:18:57,36,0,16,3
16/10/2022 02:23:58,36,0,16,3
16/10/2022 02:28:59,36,0,16,3
16/10/2022 02:33:59,36,0,16,3
16/10/2022 02:39:00,36,0,16,3
16/10/2022 02:44:00,36,0,16,3
16/10/2022 02:49:01,36,0,16,3
16/10/2022 02:54:02,36,0,16,3
16/10/2022 02:59:02,36,0,16,3
16/10/2022 03:04:03,36,0,16,3
16/10/2022 03:09:03,36,0,16,3
16/10/2022 03:14:04,36,0,16,3
16/10/2022 03:19:05,36,0,16,3
16/10/2022 03:24:05,36,0,16,3
16/10/2022 03:29:06,36,0,16,3
16/10/2022 03:34:06,36,0,16,3
16/10/2022 03:39:07,36,0,16,3
16/10/2022 03:44:08,36,0,16,3
16/10/2022 03:49:08,36,0,16,3
16/10/2022 03:54:09,36,0,16,3
16/10/2022 03:59:10,36,0,16,3
16/10/2022 04:04:10,36,0,16,3
16/10/2022 04:09:11,36,0,16,3
16/10/2022 04:14:11,36,0,16,3
16/10/2022 04:19:12,36,0,16,3
16/10/2022 04:24:13,36,0,16,3
16/10/2022 04:29:13,36,0,16,3
16/10/2022 04:34:14,36,0,16,3
16/10/2022 04:39:15,36,0,16,3
16/10/2022 04:44:15,36,0,16,3
16/10/2022 04:49:16,36,0,16,3
16/10/2022 04:54:16,36,0,16,3
16/10/2022 04:59:17,36,0,16,3
16/10/2022 05:04:18,36,0,16,3
16/10/2022 05:09:18,36,0,16,3
16/10/2022 05:14:19,36,0,16,3
16/10/2022 05:19:20,36,0,16,3
16/10/2022 05:24:20,36,0,16,3
16/10/2022 05:29:21,36,0,16,3
16/10/2022 05:34:21,36,0,16,3
16/10/2022 05:39:22,36,0,16,3
16/10/2022 05:44:23,36,0,16,3
16/10/2022 05:49:23,36,0,16,3
16/10/2022 05:54:24,36,0,16,3
16/10/2022 05:59:24,36,0,16,3
16/10/2022 06:04:25,36,0,16,3
16/10/2022 06:09:26,36,0,16,3
16/10/2022 06:14:26,36,0,16,3
16/10/2022 06:19:27,36,0,16,3
16/10/2022 06:24:27,36,0,16,3
16/10/2022 06:29:28,36,0,16,3
16/10/2022 06:34:29,36,0,16,3
16/10/2022 06:39:29,36,0,16,3
16/10/2022 06:44:30,36,0,16,3
16/10/2022 06:49:30,36,0,16,3
16/10/2022 06:54:31,36,0,16,3
16/10/2022 06:59:32,36,0,16,3
16/10/2022 07:04:32,36,0,16,3
16/10/2022 07:09:33,36,0,16,3
16/10/2022 07:14:33,36,0,16,3
16/10/2022 07:19:34,36,0,16,3
16/10/2022 07:24:35,36,0,16,3
16/10/2022 07:29:35,36,0,16,3
16/10/2022 07:34:36,36,0,16,3
16/10/2022 07:39:36,36,0,16,3
16/10/2022 07:44:37,36,0,16,3
16/10/2022 07:49:38,36,0,16,3
16/10/2022 07:54:38,36,0,16,3
16/10/2022 07:59:39,36,0,16,3
16/10/2022 08:04:39,36,0,16,3
16/10/2022 08:09:40,36,0,16,3
16/10/2022 08:14:41,36,0,16,3
16/10/2022 08:19:41,36,0,16,3
16/10/2022 08:24:42,36,0,16,3
16/10/2022 08:29:43,36,0,16,3
16/10/2022 08:34:43,36,0,16,3
16/10/2022 08:39:44,36,0,16,3
16/10/2022 08:44:44,36,0,16,3
16/10/2022 08:49:45,36,0,16,3
16/10/2022 08:54:46,36,0,16,3
16/10/2022 08:59:46,36,0,16,3
16/10/2022 09:04:47,36,0,16,3
16/10/2022 09:12:26,36,0,16,3
16/10/2022 09:17:26,36,0,16,3
16/10/2022 09:22:27,36,0,16,3
16/10/2022 09:27:28,36,0,16,3
16/10/2022 09:32:28,36,0,16,3
16/10/2022 09:37:29,36,0,16,3
16/10/2022 09:42:29,36,0,16,3
16/10/2022 09:47:30,36,0,16,3
16/10/2022 09:52:31,36,0,16,3
16/10/2022 09:57:31,36,0,16,3
16/10/2022 10:02:32,36,0,16,3
16/10/2022 10:07:33,36,0,16,3
16/10/2022 10:12:33,36,0,16,3
16/10/2022 10:17:34,36,0,16,3
16/10/2022 10:22:34,36,0,16,3
16/10/2022 10:27:35,36,0,16,3
16/10/2022 10:32:36,36,0,16,3
16/10/2022 10:37:36,36,0,16,3
16/10/2022 10:42:37,36,0,16,3
16/10/2022 10:47:37,36,0,16,3
16/10/2022 10:52:38,36,0,16,3
16/10/2022 10:57:39,36,0,16,3
16/10/2022 11:02:39,0,0,0,0
16/10/2022 11:07:40,0,0,0,0
16/10/2022 11:12:40,0,0,0,0
16/10/2022 11:17:41,0,0,0,0
16/10/2022 11:22:42,0,0,0,0
16/10/2022 11:27:42,0,0,0,0
16/10/2022 11:32:43,0,0,0,0
16/10/2022 11:37:43,0,0,0,0
16/10/2022 11:42:44,0,0,0,0
16/10/2022 11:47:45,0,0,0,0
16/10/2022 11:52:45,0,0,0,0
16/10/2022 11:57:46,0,0,0,0
16/10/2022 12:02:47,0,0,0,0
16/10/2022 12:07:47,0,0,0,0
16/10/2022 12:12:48,0,0,0,0
16/10/2022 12:17:48,0,0,0,0
16/10/2022 12:22:49,0,0,0,0
16/10/2022 12:27:50,0,0,0,0
16/10/2022 12:32:50,0,0,0,0
16/10/2022 12:37:51,0,0,0,0
16/10/2022 12:42:52,0,0,0,0
16/10/2022 12:47:52,3,0,1,1
16/10/2022 12:52:53,0,2,1,1
16/10/2022 12:57:53,3,0,1,1
16/10/2022 13:02:54,0,0,1,0
16/10/2022 13:07:55,3,0,1,1
16/10/2022 13:12:55,0,0,1,0
16/10/2022 13:17:56,0,0,1,0
16/10/2022 13:22:56,0,0,0,0
16/10/2022 13:27:57,0,0,0,0
16/10/2022 13:32:58,0,0,0,0
16/10/2022 13:37:58,0,0,0,0
16/10/2022 13:42:59,0,0,0,0
16/10/2022 13:47:59,0,0,0,0
16/10/2022 13:53:00,0,0,0,0
16/10/2022 13:58:01,0,0,0,0
16/10/2022 14:03:01,0,0,0,0
16/10/2022 14:08:02,0,0,0,0
16/10/2022 14:13:02,0,0,0,0
16/10/2022 14:18:03,0,0,0,0
16/10/2022 14:23:04,0,0,0,0
16/10/2022 14:28:04,0,0,0,0
16/10/2022 14:33:05,0,0,0,0
16/10/2022 14:38:06,0,0,0,0
16/10/2022 14:43:06,0,0,0,0
16/10/2022 14:48:07,0,0,2,1
16/10/2022 14:53:07,0,0,1,0
16/10/2022 14:58:08,0,0,2,1
16/10/2022 15:03:09,26,2,11,12
16/10/2022 15:08:09,30,7,13,15
16/10/2022 15:13:10,23,15,20,19
16/10/2022 15:18:10,20,17,23,21
16/10/2022 15:23:11,20,15,27,22
16/10/2022 15:28:12,23,20,27,24
16/10/2022 15:33:12,33,20,27,26
16/10/2022 15:38:13,40,22,30,30
16/10/2022 15:43:14,50,27,31,34
16/10/2022 15:48:14,40,37,31,34
16/10/2022 15:53:15,40,25,36,34
16/10/2022 15:58:15,33,35,38,36
16/10/2022 16:03:16,43,35,37,38
16/10/2022 16:08:17,33,35,45,40
16/10/2022 16:13:17,46,27,41,38
16/10/2022 16:18:18,46,35,37,38
16/10/2022 16:23:19,50,35,31,35
16/10/2022 16:28:19,53,25,30,33
16/10/2022 16:33:20,43,37,26,32
16/10/2022 16:38:20,46,47,23,34
16/10/2022 16:43:21,46,27,32,34
16/10/2022 16:48:22,40,27,35,34
16/10/2022 16:53:22,43,35,37,38
16/10/2022 16:58:23,40,35,33,35
16/10/2022 17:03:23,46,25,40,37
16/10/2022 17:08:24,53,27,37,38
16/10/2022 17:13:25,60,35,36,40
16/10/2022 17:18:25,46,27,46,41
16/10/2022 17:23:26,66,27,40,42
16/10/2022 17:28:26,53,27,45,42
16/10/2022 17:33:27,50,37,45,44
16/10/2022 17:38:28,50,37,45,44
16/10/2022 17:43:28,56,40,41,44
16/10/2022 17:48:29,63,27,41,42
16/10/2022 17:53:30,70,27,41,43
16/10/2022 17:58:30,43,47,42,44
16/10/2022 18:03:31,60,45,47,49
16/10/2022 18:08:31,66,35,50,50
16/10/2022 18:13:32,60,32,58,51
16/10/2022 18:18:33,63,47,55,54
16/10/2022 18:23:33,56,47,57,54
16/10/2022 18:28:34,56,42,60,54
16/10/2022 18:33:34,50,57,61,57
16/10/2022 18:38:35,60,50,57,56
16/10/2022 18:43:36,53,47,56,53
16/10/2022 18:48:36,56,47,52,52
16/10/2022 18:53:37,63,32,52,49
16/10/2022 18:58:38,53,45,52,50
16/10/2022 19:03:39,63,42,46,48
16/10/2022 19:08:39,66,47,42,48
16/10/2022 19:13:40,50,40,46,45
16/10/2022 19:18:40,53,47,45,47
16/10/2022 19:23:41,56,47,47,49
16/10/2022 19:28:42,56,50,51,52
16/10/2022 19:33:42,63,47,53,53
16/10/2022 19:38:43,36,50,57,51
16/10/2022 19:43:43,53,42,56,52
16/10/2022 19:48:44,56,47,57,54
16/10/2022 19:53:45,50,42,58,52
16/10/2022 19:58:45,60,47,55,54
16/10/2022 20:03:46,70,45,48,52
16/10/2022 20:08:47,60,35,50,48
16/10/2022 20:13:47,66,47,46,50
16/10/2022 20:18:48,46,42,55,50
16/10/2022 20:23:48,50,55,51,52
16/10/2022 20:28:49,50,52,48,50
16/10/2022 20:33:50,50,52,50,50
16/10/2022 20:38:50,60,60,45,52
16/10/2022 20:43:51,60,65,42,52
16/10/2022 20:48:51,63,55,36,46
16/10/2022 20:53:52,60,57,38,47
16/10/2022 20:58:53,50,60,48,52
16/10/2022 21:03:53,53,50,55,53
16/10/2022 21:08:54,60,45,57,54
16/10/2022 21:13:55,66,42,51,52
16/10/2022 21:18:55,56,52,66,60
16/10/2022 21:23:56,53,50,61,56
16/10/2022 21:28:56,56,52,57,56
16/10/2022 21:33:57,63,50,56,56
16/10/2022 21:38:58,70,40,62,57
16/10/2022 21:43:58,46,47,58,53
16/10/2022 21:48:59,63,42,63,57
16/10/2022 21:53:59,63,47,63,59
16/10/2022 21:59:00,66,50,65,61
16/10/2022 22:04:01,76,52,53,57
16/10/2022 22:09:01,70,60,67,66
16/10/2022 22:14:02,76,50,66,64
16/10/2022 22:19:03,76,57,61,63
16/10/2022 22:24:03,70,60,62,63
16/10/2022 22:29:04,53,42,70,59
16/10/2022 22:34:04,66,60,68,66
16/10/2022 22:39:05,70,67,62,65
16/10/2022 22:44:06,60,57,66,62
16/10/2022 22:49:06,73,55,65,64
16/10/2022 22:54:07,70,50,70,64
16/10/2022 22:59:07,76,57,67,66
16/10/2022 23:04:08,80,47,73,68
16/10/2022 23:09:09,76,47,81,72
16/10/2022 23:14:09,80,50,73,68
16/10/2022 23:19:10,70,52,80,70
16/10/2022 23:24:11,70,62,78,72
16/10/2022 23:29:11,73,75,71,72
16/10/2022 23:34:12,56,72,70,67
16/10/2022 23:39:12,63,67,62,64
16/10/2022 23:44:13,63,65,61,62
16/10/2022 23:49:14,73,50,75,68
16/10/2022 23:54:14,60,52,80,68
16/10/2022 23:59:15,83,55,71,69
17/10/2022 00:04:15,66,47,73,65
17/10/2022 00:09:16,63,60,71,66
17/10/2022 00:14:17,66,72,70,70
17/10/2022 00:19:17,60,62,73,68
17/10/2022 00:24:18,56,55,83,70
17/10/2022 00:29:19,63,55,83,72
17/10/2022 00:34:19,76,45,83,72
17/10/2022 00:39:20,73,57,73,70
17/10/2022 00:44:20,73,47,81,70
17/10/2022 00:49:21,103,55,75,76
17/10/2022 00:54:22,100,55,71,72
17/10/2022 00:59:22,76,62,68,68
17/10/2022 01:04:23,83,50,73,69
17/10/2022 01:09:24,103,75,66,76
17/10/2022 01:14:24,76,52,77,70
17/10/2022 01:19:25,80,60,70,69
17/10/2022 01:24:25,83,70,68,72
17/10/2022 01:29:26,80,55,72,69
17/10/2022 01:34:27,86,70,70,73
17/10/2022 01:39:27,90,62,70,71
17/10/2022 01:44:28,80,50,76,70
17/10/2022 01:49:28,73,50,71,66
17/10/2022 01:54:29,63,50,77,67
17/10/2022 01:59:30,73,62,83,75
17/10/2022 02:04:30,80,65,77,74
17/10/2022 02:09:31,80,65,75,73
17/10/2022 02:14:32,93,60,73,74
17/10/2022 02:19:32,83,55,68,68
17/10/2022 02:24:33,70,40,77,65
17/10/2022 02:29:33,83,47,65,64
17/10/2022 02:34:34,90,57,58,64
17/10/2022 02:39:35,83,62,63,67
17/10/2022 02:44:35,70,60,63,64
17/10/2022 02:49:36,63,42,71,62
17/10/2022 02:54:36,83,52,63,64
17/10/2022 02:59:37,60,65,60,61
17/10/2022 03:04:38,76,45,63,61
17/10/2022 03:09:38,83,50,72,68
17/10/2022 03:14:39,90,45,81,73
17/10/2022 03:19:40,86,47,85,75
17/10/2022 03:24:40,96,52,82,77
17/10/2022 03:29:41,93,47,71,69
17/10/2022 03:34:41,86,42,75,68
17/10/2022 03:39:42,73,60,76,71
17/10/2022 03:44:43,60,60,78,70
17/10/2022 03:49:44,70,72,71,71
17/10/2022 03:54:44,76,77,77,77
17/10/2022 03:59:45,70,62,80,73
17/10/2022 04:04:46,70,50,82,71
17/10/2022 04:09:46,100,57,82,79
17/10/2022 04:14:47,86,75,80,80
17/10/2022 04:19:47,86,80,86,84
17/10/2022 04:24:48,83,80,86,84
17/10/2022 04:29:49,100,77,90,88
17/10/2022 04:34:49,83,80,90,86
17/10/2022 04:39:50,76,70,91,82
17/10/2022 04:44:51,90,65,87,82
17/10/2022 04:49:51,90,62,86,80
17/10/2022 04:54:52,76,60,86,77
17/10/2022 04:59:52,60,57,80,70
17/10/2022 05:04:53,66,37,81,66
17/10/2022 05:09:54,43,40,66,54
17/10/2022 05:14:54,50,40,65,55
17/10/2022 05:19:55,40,50,57,52
17/10/2022 05:24:56,30,52,62,53
17/10/2022 05:29:56,33,47,53,48
17/10/2022 05:34:57,6,37,60,43
17/10/2022 05:39:57,3,27,55,37
17/10/2022 05:44:58,3,35,48,36
17/10/2022 05:49:59,3,30,37,28
17/10/2022 05:54:59,3,5,31,18
17/10/2022 06:00:00,3,5,18,10
17/10/2022 06:05:00,3,0,3,0
17/10/2022 06:10:01,3,0,3,0
17/10/2022 06:15:03,3,0,3,0
17/10/2022 06:20:03,3,0,3,0
17/10/2022 06:25:04,3,0,3,0
17/10/2022 06:30:04,3,0,3,0
17/10/2022 06:35:05,3,0,3,0
17/10/2022 06:40:06,3,0,3,0
17/10/2022 06:45:06,3,0,3,0
17/10/2022 06:50:07,3,0,3,0
17/10/2022 06:55:08,3,0,3,0
17/10/2022 07:00:08,3,0,3,0
17/10/2022 07:05:09,3,0,3,0
17/10/2022 07:10:09,3,0,3,0
17/10/2022 07:15:10,3,0,3,0
17/10/2022 07:20:11,3,0,3,0
17/10/2022 07:25:11,3,0,3,0
17/10/2022 07:30:12,3,0,3,0
17/10/2022 07:35:12,3,0,3,0
17/10/2022 07:40:13,3,0,3,0
17/10/2022 07:45:14,3,0,3,0
17/10/2022 07:50:14,3,0,3,0
17/10/2022 07:55:15,3,0,3,0
17/10/2022 08:00:16,3,0,3,0
17/10/2022 08:05:16,3,0,3,0
17/10/2022 08:10:17,3,0,3,0
17/10/2022 08:15:17,3,0,3,0
17/10/2022 08:20:18,3,0,3,0
17/10/2022 08:25:19,3,0,3,0
17/10/2022 08:30:19,3,0,3,0
17/10/2022 08:35:20,3,0,3,0
17/10/2022 08:40:20,3,0,3,0
17/10/2022 08:45:21,3,0,3,0
17/10/2022 08:50:22,3,0,3,0
17/10/2022 08:55:22,3,0,3,0
17/10/2022 09:00:23,3,0,3,0
17/10/2022 09:05:23,3,0,3,0
17/10/2022 09:10:24,3,0,3,0
17/10/2022 09:15:25,3,0,3,0
17/10/2022 09:20:25,3,0,3,0
17/10/2022 09:25:26,3,0,3,0
17/10/2022 09:30:26,3,0,3,0
17/10/2022 09:35:27,3,0,3,0
17/10/2022 09:40:28,3,0,3,0
17/10/2022 09:45:28,3,0,3,0
17/10/2022 09:50:29,3,0,3,0
17/10/2022 09:55:30,3,0,3,0
17/10/2022 10:00:30,3,0,3,0
17/10/2022 10:05:31,3,0,3,0
17/10/2022 10:10:31,3,0,3,0
17/10/2022 10:15:32,3,0,3,0
17/10/2022 10:20:33,3,0,3,0
17/10/2022 10:25:33,3,0,3,0
17/10/2022 10:30:34,3,0,3,0
17/10/2022 10:35:34,3,0,3,0
17/10/2022 10:40:35,3,0,3,0
17/10/2022 10:45:36,3,0,3,0
17/10/2022 10:50:36,3,0,3,0
17/10/2022 10:55:37,3,0,3,0
17/10/2022 11:00:37,3,0,5,0
17/10/2022 11:05:38,0,0,0,0
17/10/2022 11:10:39,0,0,0,0
17/10/2022 11:15:39,0,0,0,0
17/10/2022 11:20:40,0,0,0,0
17/10/2022 11:25:40,0,0,0,0
17/10/2022 11:30:41,0,0,1,0
17/10/2022 11:35:42,0,2,1,0
17/10/2022 11:40:42,0,2,1,0
17/10/2022 11:45:43,0,2,1,0
17/10/2022 11:50:44,0,2,1,0
17/10/2022 11:55:44,0,2,1,0
17/10/2022 12:00:45,0,2,2,0
17/10/2022 12:05:45,0,2,2,0
17/10/2022 12:10:46,0,2,1,0
17/10/2022 12:15:47,0,2,1,0
17/10/2022 12:20:47,0,2,1,0
17/10/2022 12:25:48,0,2,1,0
17/10/2022 12:30:48,0,2,1,0
17/10/2022 12:35:49,0,2,1,0
17/10/2022 12:40:50,3,2,2,1
17/10/2022 12:45:50,0,2,2,0
17/10/2022 12:50:51,0,2,2,0
17/10/2022 12:55:51,0,2,2,0
17/10/2022 13:00:52,0,2,2,0
17/10/2022 13:05:53,0,2,2,0
17/10/2022 13:10:53,0,2,2,0
17/10/2022 13:15:54,0,2,2,0
17/10/2022 13:20:54,0,2,2,0
17/10/2022 13:25:55,0,2,2,0
17/10/2022 13:30:56,0,2,2,0
17/10/2022 13:35:56,0,2,2,0
17/10/2022 13:40:57,0,2,2,0
17/10/2022 13:45:57,0,7,2,2
17/10/2022 13:50:58,0,10,2,2
17/10/2022 13:55:59,0,7,2,2
17/10/2022 14:00:59,6,2,5,4
17/10/2022 14:06:00,43,20,40,34
17/10/2022 14:11:00,50,15,48,39
17/10/2022 14:16:01,63,25,56,48
17/10/2022 14:21:02,60,27,70,55
17/10/2022 14:26:02,63,47,67,60
17/10/2022 14:31:03,63,67,63,63
17/10/2022 14:36:03,70,70,65,66
17/10/2022 14:41:04,83,65,67,68
17/10/2022 14:46:05,83,85,57,68
17/10/2022 14:51:05,60,72,71,68
17/10/2022 14:56:06,56,65,71,65
17/10/2022 15:01:07,60,50,65,59
17/10/2022 15:06:07,76,70,61,65
17/10/2022 15:11:08,86,60,68,69
17/10/2022 15:16:08,96,50,70,68
17/10/2022 15:21:09,100,55,76,74
17/10/2022 15:26:10,116,45,70,71
17/10/2022 15:31:10,123,45,77,77
17/10/2022 15:36:11,123,57,80,81
17/10/2022 15:41:11,120,75,73,82
17/10/2022 15:46:12,133,47,78,80
17/10/2022 15:51:13,120,52,80,78
17/10/2022 15:56:13,123,42,77,76
17/10/2022 16:01:14,113,52,71,74
17/10/2022 16:06:15,93,30,68,62
17/10/2022 16:11:15,100,20,78,66
17/10/2022 16:16:16,106,32,72,67
17/10/2022 16:21:16,120,22,68,64
17/10/2022 16:26:17,113,17,67,61
17/10/2022 16:31:18,116,10,77,64
17/10/2022 16:36:18,113,7,67,59
17/10/2022 16:41:19,113,5,55,51
17/10/2022 16:46:19,123,2,60,55
17/10/2022 16:51:20,126,7,61,56
17/10/2022 16:56:20,130,2,60,52
17/10/2022 17:01:21,116,2,58,48
17/10/2022 17:06:22,113,2,62,50
17/10/2022 17:11:22,113,10,62,52
17/10/2022 17:16:23,126,10,70,58
17/10/2022 17:21:24,133,15,66,60
17/10/2022 17:26:24,130,17,66,59
17/10/2022 17:31:25,160,20,60,62
17/10/2022 17:36:25,156,17,66,64
17/10/2022 17:41:26,150,30,68,68
17/10/2022 17:46:27,136,40,81,74
17/10/2022 17:51:27,150,30,70,68
17/10/2022 17:56:28,140,25,71,66
17/10/2022 18:01:28,136,25,67,63
17/10/2022 18:06:29,140,25,65,62
17/10/2022 18:11:30,130,25,67,62
17/10/2022 18:16:30,143,27,72,68
17/10/2022 18:21:31,133,37,83,74
17/10/2022 18:26:32,160,45,71,76
17/10/2022 18:31:32,153,35,68,70
17/10/2022 18:36:33,140,32,81,73
17/10/2022 18:41:33,136,42,73,72
17/10/2022 18:46:34,153,40,77,76
17/10/2022 18:51:35,163,27,81,77
17/10/2022 18:56:35,173,32,82,80
17/10/2022 19:01:36,156,47,76,79
17/10/2022 19:06:36,163,47,70,76
17/10/2022 19:11:37,140,52,77,77
17/10/2022 19:16:38,163,25,73,72
17/10/2022 19:21:38,156,35,81,78
17/10/2022 19:26:39,160,32,78,76
17/10/2022 19:31:40,153,32,77,76
17/10/2022 19:36:40,176,30,78,78
17/10/2022 19:41:41,163,37,78,78
17/10/2022 19:46:41,156,40,87,82
17/10/2022 19:51:42,153,47,90,84
17/10/2022 19:56:43,156,45,87,83
17/10/2022 20:01:43,140,50,92,84
17/10/2022 20:06:44,140,45,96,84
17/10/2022 20:11:45,150,40,93,84
17/10/2022 20:16:45,166,45,100,90
17/10/2022 20:21:46,160,55,97,92
17/10/2022 20:26:46,163,42,87,84
17/10/2022 20:31:47,173,30,86,82
17/10/2022 20:36:48,160,25,87,78
17/10/2022 20:41:48,176,32,80,80
17/10/2022 20:46:49,180,22,81,78
17/10/2022 20:51:50,183,22,72,74
17/10/2022 20:56:50,163,35,82,79
17/10/2022 21:01:51,160,15,85,77
17/10/2022 21:06:51,140,20,78,68
17/10/2022 21:11:52,173,15,73,71
17/10/2022 21:16:53,163,15,75,70
17/10/2022 21:21:53,170,20,73,73
17/10/2022 21:26:54,163,15,81,74
17/10/2022 21:31:54,160,32,85,79
17/10/2022 21:36:55,166,40,86,83
17/10/2022 21:41:56,163,47,77,80
17/10/2022 21:46:56,170,45,66,74
17/10/2022 21:51:57,156,40,67,71
17/10/2022 21:56:58,166,25,70,72
17/10/2022 22:01:58,153,30,72,71
17/10/2022 22:06:59,166,35,66,72
17/10/2022 22:11:59,156,37,77,76
17/10/2022 22:17:00,156,52,77,80
17/10/2022 22:22:01,163,32,85,80
17/10/2022 22:27:01,173,47,83,85
17/10/2022 22:32:02,180,37,91,88
17/10/2022 22:37:03,196,35,95,92
17/10/2022 22:42:03,170,45,107,96
17/10/2022 22:47:04,173,32,102,90
17/10/2022 22:52:05,180,40,98,92
17/10/2022 22:57:05,153,55,96,88
17/10/2022 23:02:06,173,52,90,90
17/10/2022 23:07:06,183,45,92,90
17/10/2022 23:12:07,170,50,95,90
17/10/2022 23:17:08,193,60,98,101
17/10/2022 23:22:08,186,55,102,100
17/10/2022 23:27:09,166,75,100,100
17/10/2022 23:32:09,173,57,105,99
17/10/2022 23:37:10,190,47,106,100
17/10/2022 23:42:11,200,45,105,101
17/10/2022 23:47:12,196,50,102,100
17/10/2022 23:52:12,190,65,100,102
17/10/2022 23:57:13,170,70,103,101
18/10/2022 00:02:13,170,57,107,98
18/10/2022 00:07:14,173,55,111,102
18/10/2022 00:12:15,180,57,107,102
18/10/2022 00:17:15,176,62,105,101
18/10/2022 00:22:16,180,62,103,100
18/10/2022 00:27:16,166,60,108,100
18/10/2022 00:32:17,176,70,100,100
18/10/2022 00:37:18,180,65,105,102
18/10/2022 00:42:18,183,52,108,102
18/10/2022 00:47:19,196,55,105,103
18/10/2022 00:52:20,196,67,101,104
18/10/2022 00:57:20,163,72,106,102
18/10/2022 01:02:21,163,67,100,97
18/10/2022 01:07:21,163,57,97,93
18/10/2022 01:12:22,170,35,95,87
18/10/2022 01:17:23,146,45,98,87
18/10/2022 01:22:23,170,47,97,93
18/10/2022 01:27:24,166,70,93,95
18/10/2022 01:32:24,156,62,106,98
18/10/2022 01:37:25,176,57,107,101
18/10/2022 01:42:26,190,47,108,102
18/10/2022 01:47:26,173,45,117,102
18/10/2022 01:52:27,180,42,112,100
18/10/2022 01:57:27,193,42,108,101
18/10/2022 02:02:28,206,40,110,104
18/10/2022 02:07:29,186,42,113,102
18/10/2022 02:12:29,190,25,122,103
18/10/2022 02:17:30,200,42,106,101
18/10/2022 02:22:31,206,37,105,100
18/10/2022 02:27:31,203,42,103,100
18/10/2022 02:32:32,190,35,111,100
18/10/2022 02:37:32,173,50,112,100
18/10/2022 02:42:33,190,37,113,102
18/10/2022 02:47:34,200,32,116,102
18/10/2022 02:52:34,186,47,116,105
18/10/2022 02:57:35,206,50,102,102
18/10/2022 03:02:35,190,67,97,100
18/10/2022 03:07:36,170,80,101,102
18/10/2022 03:12:37,166,60,112,102
18/10/2022 03:17:37,170,70,107,102
18/10/2022 03:22:38,173,67,110,104
18/10/2022 03:27:38,176,67,107,104
18/10/2022 03:32:39,156,70,113,104
18/10/2022 03:37:40,170,57,116,104
18/10/2022 03:42:40,163,65,112,103
18/10/2022 03:47:41,173,70,110,105
18/10/2022 03:52:42,190,57,111,106
18/10/2022 03:57:42,176,47,116,104
18/10/2022 04:02:43,183,60,110,104
18/10/2022 04:07:43,183,42,120,106
18/10/2022 04:12:44,196,60,105,104
18/10/2022 04:17:45,193,52,112,106
18/10/2022 04:22:45,193,60,117,110
18/10/2022 04:27:46,173,67,111,105
18/10/2022 04:32:46,163,62,118,106
18/10/2022 04:37:47,183,75,102,104
18/10/2022 04:42:48,186,52,112,104
18/10/2022 04:47:48,203,50,107,104
18/10/2022 04:52:49,173,55,114,104
18/10/2022 04:57:50,193,57,108,105
18/10/2022 05:02:50,193,60,105,104
18/10/2022 05:07:51,196,50,112,106
18/10/2022 05:12:51,206,62,105,107
18/10/2022 05:17:52,196,45,112,104
18/10/2022 05:22:53,186,37,116,102
18/10/2022 05:27:53,193,42,97,95
18/10/2022 05:32:54,180,40,97,92
18/10/2022 05:37:54,166,42,86,84
18/10/2022 05:42:55,166,27,93,84
18/10/2022 05:47:56,156,22,75,70
18/10/2022 05:52:56,140,15,62,58
18/10/2022 05:57:57,96,0,41,32
18/10/2022 06:02:57,90,5,13,7
18/10/2022 06:07:58,90,0,8,3
18/10/2022 06:12:59,90,0,8,3
18/10/2022 06:17:59,90,0,8,3
18/10/2022 06:23:00,90,0,8,3
18/10/2022 06:28:01,90,0,8,3
18/10/2022 06:33:01,90,0,8,3
18/10/2022 06:38:02,90,0,8,3
18/10/2022 06:43:02,90,0,8,3
18/10/2022 06:48:03,90,0,8,3
18/10/2022 06:53:04,90,0,8,3
18/10/2022 06:58:04,90,0,8,3
18/10/2022 07:03:05,90,0,8,3
18/10/2022 07:08:05,90,0,8,3
18/10/2022 07:13:06,90,0,8,3
18/10/2022 07:18:07,90,0,8,3
18/10/2022 07:23:07,90,0,8,3
18/10/2022 07:28:08,90,0,8,3
18/10/2022 07:33:09,90,0,8,3
18/10/2022 07:38:09,90,0,8,3
18/10/2022 07:43:10,90,0,8,3
18/10/2022 07:48:10,90,0,8,3
18/10/2022 07:53:11,90,0,8,3
18/10/2022 07:58:12,90,0,8,3
18/10/2022 08:03:12,90,0,8,3
18/10/2022 08:08:13,90,0,8,3
18/10/2022 08:13:13,90,0,8,3
18/10/2022 08:18:14,90,0,8,3
18/10/2022 08:23:15,90,0,8,3
18/10/2022 08:28:15,90,0,8,3
18/10/2022 08:33:16,90,0,8,3
18/10/2022 08:38:16,90,0,8,3
18/10/2022 08:43:17,90,0,8,3
18/10/2022 08:48:18,90,0,8,3
18/10/2022 08:53:18,90,0,8,3
18/10/2022 08:58:19,90,0,8,3
18/10/2022 09:03:20,90,0,8,3
18/10/2022 09:08:20,90,0,8,3
18/10/2022 09:13:21,90,0,8,3
18/10/2022 09:18:21,90,0,8,3
18/10/2022 09:23:22,90,0,8,3
18/10/2022 09:28:23,90,0,8,3
18/10/2022 09:33:23,90,0,8,3
18/10/2022 09:38:24,90,0,8,3
18/10/2022 09:43:24,90,0,8,3
18/10/2022 09:48:25,90,0,8,3
18/10/2022 09:53:26,90,0,8,3
18/10/2022 09:58:26,90,0,8,3
18/10/2022 10:03:27,90,0,8,3
18/10/2022 10:08:28,90,0,8,3
18/10/2022 10:13:28,90,0,8,3
18/10/2022 10:18:29,90,0,8,3
18/10/2022 10:23:29,90,0,8,3
18/10/2022 10:28:31,90,0,8,3
18/10/2022 10:33:32,90,0,8,3
18/10/2022 10:38:33,90,0,8,3
18/10/2022 10:43:33,90,0,8,3
18/10/2022 10:48:34,90,0,8,3
18/10/2022 10:53:34,90,0,8,3
18/10/2022 10:58:35,90,0,8,3
18/10/2022 11:03:36,90,0,8,3
18/10/2022 11:08:36,90,0,8,3
18/10/2022 11:13:37,90,0,8,3
18/10/2022 11:18:37,90,0,8,3
18/10/2022 11:23:38,90,0,8,3
18/10/2022 11:28:39,90,0,8,3
18/10/2022 11:33:39,0,0,0,0
18/10/2022 11:38:40,0,0,0,0
18/10/2022 11:43:41,0,0,0,0
18/10/2022 11:48:41,0,0,0,0
18/10/2022 11:53:42,0,0,0,0
18/10/2022 11:58:42,0,0,0,0
18/10/2022 12:03:43,0,0,0,0
18/10/2022 12:08:44,0,0,0,0
18/10/2022 12:13:44,0,0,0,0
18/10/2022 12:18:45,0,0,0,0
18/10/2022 12:23:45,0,0,0,0
18/10/2022 12:28:46,3,0,0,0
18/10/2022 12:33:47,3,0,1,1
18/10/2022 12:38:47,3,0,2,2
18/10/2022 12:43:48,0,2,0,0
18/10/2022 12:48:49,3,0,0,0
18/10/2022 12:53:49,3,0,0,0
18/10/2022 12:58:50,3,0,0,0
18/10/2022 13:03:50,0,2,0,0
18/10/2022 13:08:51,0,5,0,1
18/10/2022 13:13:52,0,2,1,1
18/10/2022 13:18:52,0,2,0,0
18/10/2022 13:23:53,0,0,1,0
18/10/2022 13:28:53,0,0,2,1
18/10/2022 13:33:54,0,0,2,1
18/10/2022 13:38:55,0,0,3,2
18/10/2022 13:43:55,3,2,3,3
18/10/2022 13:48:56,0,5,5,4
18/10/2022 13:53:56,0,7,5,4
18/10/2022 13:58:57,0,0,5,2
18/10/2022 14:03:58,33,12,38,30
18/10/2022 14:08:58,53,15,45,38
18/10/2022 14:13:59,63,22,51,46
18/10/2022 14:19:00,70,32,57,52
18/10/2022 14:24:00,83,42,55,57
18/10/2022 14:29:01,93,52,57,63
18/10/2022 14:34:01,86,60,62,66
18/10/2022 14:39:02,76,67,75,73
18/10/2022 14:44:03,76,77,73,75
18/10/2022 14:49:03,90,80,81,82
18/10/2022 14:54:04,100,70,81,82
18/10/2022 14:59:05,86,72,75,76
18/10/2022 15:04:05,80,72,78,77
18/10/2022 15:09:06,86,70,78,78
18/10/2022 15:14:06,86,72,68,73
18/10/2022 15:19:07,73,72,66,69
18/10/2022 15:24:08,76,70,66,69
18/10/2022 15:29:08,70,75,66,70
18/10/2022 15:34:09,83,47,67,65
18/10/2022 15:39:09,80,62,67,70
18/10/2022 15:44:10,80,60,62,65
18/10/2022 15:49:11,80,55,70,68
18/10/2022 15:54:11,76,50,70,67
18/10/2022 15:59:12,63,57,72,66
18/10/2022 16:04:13,76,60,72,70
18/10/2022 16:09:13,66,60,80,72
18/10/2022 16:14:14,73,67,66,68
18/10/2022 16:19:15,90,52,66,66
18/10/2022 16:24:15,70,55,71,65
18/10/2022 16:29:16,60,57,73,66
18/10/2022 16:34:16,70,57,71,67
18/10/2022 16:39:17,70,55,85,73
18/10/2022 16:44:18,83,52,76,71
18/10/2022 16:49:18,83,67,76,75
18/10/2022 16:54:19,93,70,80,79
18/10/2022 16:59:20,96,80,82,84
18/10/2022 17:04:20,103,70,81,82
18/10/2022 17:09:21,100,65,87,83
18/10/2022 17:14:21,90,62,92,84
18/10/2022 17:19:22,80,70,90,83
18/10/2022 17:24:23,86,72,85,81
18/10/2022 17:29:23,106,65,80,81
18/10/2022 17:34:24,110,72,67,77
18/10/2022 17:39:25,86,87,68,77
18/10/2022 17:44:25,96,75,77,80
18/10/2022 17:49:26,90,75,78,81
18/10/2022 17:54:27,83,82,68,75
18/10/2022 17:59:27,76,70,72,72
18/10/2022 18:04:28,86,75,61,70
18/10/2022 18:09:28,86,57,63,66
18/10/2022 18:14:29,73,67,61,65
18/10/2022 18:19:30,73,65,65,66
18/10/2022 18:24:30,73,77,73,74
18/10/2022 18:29:31,73,77,80,78
18/10/2022 18:34:32,93,85,73,80
18/10/2022 18:39:32,80,77,82,81
18/10/2022 18:44:33,73,65,81,75
18/10/2022 18:49:34,63,72,81,76
18/10/2022 18:54:34,70,80,81,79
18/10/2022 18:59:35,73,80,82,80
18/10/2022 19:04:35,70,80,72,75
18/10/2022 19:09:36,60,77,77,74
18/10/2022 19:14:37,73,67,71,70
18/10/2022 19:19:37,60,75,73,71
18/10/2022 19:24:38,63,82,68,72
18/10/2022 19:29:39,76,67,67,69
18/10/2022 19:34:39,66,77,70,71
18/10/2022 19:39:40,73,77,70,72
18/10/2022 19:44:40,63,87,72,74
18/10/2022 19:49:41,60,67,76,70
18/10/2022 19:54:42,63,70,77,74
18/10/2022 19:59:43,63,80,72,73
18/10/2022 20:04:43,66,82,65,70
18/10/2022 20:09:44,53,77,76,72
18/10/2022 20:14:44,56,77,72,72
18/10/2022 20:19:45,76,67,75,72
18/10/2022 20:24:46,70,70,77,74
18/10/2022 20:29:46,66,65,73,70
18/10/2022 20:34:47,63,65,70,67
18/10/2022 20:39:47,50,72,63,64
18/10/2022 20:44:48,50,70,62,62
18/10/2022 20:49:49,33,62,70,59
18/10/2022 20:54:49,40,65,61,57
18/10/2022 20:59:50,40,62,62,57
18/10/2022 21:04:50,50,50,66,58
18/10/2022 21:09:51,43,50,60,54
18/10/2022 21:14:52,40,55,63,56
18/10/2022 21:19:52,76,55,72,68
18/10/2022 21:24:53,76,52,86,72
18/10/2022 21:29:54,90,72,78,79
18/10/2022 21:34:54,80,65,86,80
18/10/2022 21:39:55,80,57,87,78
18/10/2022 21:44:55,83,70,86,81
18/10/2022 21:49:56,96,75,81,82
18/10/2022 21:54:57,100,57,82,79
18/10/2022 21:59:57,80,75,92,84
18/10/2022 22:04:58,70,67,98,85
18/10/2022 22:09:58,93,82,95,92
18/10/2022 22:14:59,110,92,92,95
18/10/2022 22:20:00,96,90,102,97
18/10/2022 22:25:00,96,90,100,96
18/10/2022 22:30:01,83,82,98,92
18/10/2022 22:35:01,76,92,93,89
18/10/2022 22:40:02,86,65,83,79
18/10/2022 22:45:03,63,62,86,75
18/10/2022 22:50:03,100,70,83,83
18/10/2022 22:55:04,116,92,98,98
18/10/2022 23:00:05,100,77,100,94
18/10/2022 23:05:05,96,85,108,98
18/10/2022 23:10:06,113,100,100,101
18/10/2022 23:15:06,90,95,106,100
18/10/2022 23:20:07,96,77,114,101
18/10/2022 23:25:08,86,85,111,100
18/10/2022 23:30:08,86,92,107,99
18/10/2022 23:35:09,110,75,110,100
18/10/2022 23:40:10,113,85,102,100
18/10/2022 23:45:10,106,110,96,102
18/10/2022 23:50:11,90,105,100,99
18/10/2022 23:55:12,86,95,92,92
19/10/2022 00:00:12,86,77,97,90
19/10/2022 00:05:13,83,85,95,89
19/10/2022 00:10:14,80,95,88,88
19/10/2022 00:15:14,96,90,86,89
19/10/2022 00:20:15,93,82,96,92
19/10/2022 00:25:16,93,75,106,95
19/10/2022 00:30:16,96,80,102,95
19/10/2022 00:35:17,96,92,98,97
19/10/2022 00:40:17,96,77,112,100
19/10/2022 00:45:18,113,87,110,104
19/10/2022 00:50:19,113,70,114,103
19/10/2022 00:55:19,133,92,103,106
19/10/2022 01:00:20,120,105,101,106
19/10/2022 01:05:21,110,114,96,104
19/10/2022 01:10:21,100,97,111,105
19/10/2022 01:15:22,86,95,117,105
19/10/2022 01:20:22,90,100,112,104
19/10/2022 01:25:23,103,90,110,103
19/10/2022 01:30:24,110,90,106,102
19/10/2022 01:35:24,100,107,98,102
19/10/2022 01:40:25,96,102,106,102
19/10/2022 01:45:26,90,110,102,102
19/10/2022 01:50:26,103,92,102,100
19/10/2022 01:55:27,106,92,95,96
19/10/2022 02:00:27,103,87,97,96
19/10/2022 02:05:28,100,102,97,99
19/10/2022 02:10:29,96,95,101,98
19/10/2022 02:15:30,106,97,97,99
19/10/2022 02:20:30,96,102,98,99
19/10/2022 02:25:31,106,90,101,99
19/10/2022 02:30:31,106,97,100,100
19/10/2022 02:35:32,120,105,88,100
19/10/2022 02:40:33,126,110,90,102
19/10/2022 02:45:33,106,112,98,103
19/10/2022 02:50:34,93,107,103,102
19/10/2022 02:55:35,100,102,102,102
19/10/2022 03:00:35,100,112,91,99
19/10/2022 03:05:36,93,110,97,100
19/10/2022 03:10:37,86,105,108,103
19/10/2022 03:15:37,83,105,108,102
19/10/2022 03:20:38,93,102,105,102
19/10/2022 03:25:39,90,102,102,100
19/10/2022 03:30:39,83,95,95,92
19/10/2022 03:35:40,86,85,100,94
19/10/2022 03:40:40,86,85,97,92
19/10/2022 03:45:41,73,95,114,101
19/10/2022 03:50:42,103,102,88,94
19/10/2022 03:55:42,86,85,96,91
19/10/2022 04:00:43,100,82,98,94
19/10/2022 04:05:43,116,85,105,102
19/10/2022 04:10:44,126,90,103,104
19/10/2022 04:15:45,120,90,106,104
19/10/2022 04:20:45,116,87,108,105
19/10/2022 04:25:46,113,95,106,104
19/10/2022 04:30:47,106,80,117,105
19/10/2022 04:35:47,130,95,102,106
19/10/2022 04:40:48,106,114,100,105
19/10/2022 04:45:48,106,114,101,106
19/10/2022 04:50:49,90,125,106,108
19/10/2022 04:55:50,113,117,102,108
19/10/2022 05:00:50,90,125,108,109
19/10/2022 05:05:51,80,130,110,110
19/10/2022 05:10:52,93,102,118,109
19/10/2022 05:15:52,96,110,110,107
19/10/2022 05:20:53,123,105,102,107
19/10/2022 05:25:53,83,107,103,100
19/10/2022 05:30:54,36,97,116,95
19/10/2022 05:35:55,3,100,118,90
19/10/2022 05:40:55,0,85,111,81
19/10/2022 05:45:56,0,72,95,69
19/10/2022 05:50:56,0,57,92,64
19/10/2022 05:55:57,0,47,60,44
19/10/2022 06:00:58,0,5,23,13
19/10/2022 06:05:58,6,2,13,8
19/10/2022 06:10:59,0,2,12,6
19/10/2022 06:15:59,0,2,12,6
19/10/2022 06:21:00,0,2,12,6
19/10/2022 06:26:01,0,2,12,6
19/10/2022 06:31:01,0,2,12,6
19/10/2022 06:36:02,0,2,12,6
19/10/2022 06:41:03,0,2,12,6
19/10/2022 06:46:03,0,2,12,6
19/10/2022 06:51:04,0,2,12,6
19/10/2022 06:56:04,0,2,12,6
19/10/2022 07:01:05,0,2,12,6
19/10/2022 07:06:06,0,2,12,6
19/10/2022 07:11:06,0,2,12,6
19/10/2022 07:16:07,0,2,12,6
19/10/2022 07:21:08,0,2,12,6
19/10/2022 07:26:08,0,2,12,6
19/10/2022 07:31:09,0,2,12,6
19/10/2022 07:36:09,0,2,12,6
19/10/2022 07:41:10,0,2,12,6
19/10/2022 07:46:11,0,2,12,6
19/10/2022 07:51:11,0,2,12,6
19/10/2022 07:56:12,0,2,12,6
19/10/2022 08:01:13,0,2,12,6
19/10/2022 08:06:13,0,2,12,6
19/10/2022 08:11:14,0,2,12,6
19/10/2022 08:16:14,0,2,12,6
19/10/2022 08:21:15,0,2,12,6
19/10/2022 08:26:16,0,2,12,6
19/10/2022 08:31:16,0,2,12,6
19/10/2022 08:36:17,0,2,12,6
19/10/2022 08:41:18,0,2,12,6
19/10/2022 08:46:18,0,2,12,6
19/10/2022 08:51:19,0,2,12,6
19/10/2022 08:56:19,0,2,12,6
19/10/2022 09:01:20,0,2,12,6
19/10/2022 09:06:21,0,2,12,6
19/10/2022 09:11:21,0,2,12,6
19/10/2022 09:16:22,0,2,12,6
19/10/2022 09:21:22,0,2,12,6
19/10/2022 09:26:23,0,2,12,6
19/10/2022 09:31:24,0,2,12,6
19/10/2022 09:36:24,0,2,12,6
19/10/2022 09:41:25,0,2,12,6
19/10/2022 09:46:26,0,2,12,6
19/10/2022 09:51:26,0,2,12,6
19/10/2022 09:56:27,0,2,12,6
19/10/2022 10:01:27,0,2,12,6
19/10/2022 10:06:28,0,2,12,6
19/10/2022 10:11:29,0,2,12,6
19/10/2022 10:16:29,0,2,12,6
19/10/2022 10:21:30,0,2,12,6
19/10/2022 10:26:30,0,2,12,6
19/10/2022 10:31:31,0,2,12,6
19/10/2022 10:36:32,0,2,12,6
19/10/2022 10:41:32,0,2,12,6
19/10/2022 10:46:33,0,2,12,6
19/10/2022 10:51:34,0,2,12,6
19/10/2022 10:56:34,0,2,12,6
19/10/2022 11:01:35,0,2,12,6
19/10/2022 11:06:35,0,2,12,6
19/10/2022 11:11:36,0,0,0,0
19/10/2022 11:16:37,0,0,0,0
19/10/2022 11:21:37,0,0,1,0
19/10/2022 11:26:38,0,0,0,0
19/10/2022 11:31:39,0,0,0,0
19/10/2022 11:36:39,0,0,0,0
19/10/2022 11:41:40,0,0,0,0
19/10/2022 11:46:40,0,0,0,0
19/10/2022 11:51:41,0,0,0,0
19/10/2022 11:56:42,0,0,0,0
19/10/2022 12:01:42,0,0,0,0
19/10/2022 12:06:43,0,0,0,0
19/10/2022 12:11:44,0,0,0,0
19/10/2022 12:16:44,3,0,0,0
19/10/2022 12:21:45,3,0,0,0
19/10/2022 12:26:45,3,0,0,0
19/10/2022 12:31:46,0,2,0,0
19/10/2022 12:36:47,0,2,0,0
19/10/2022 12:41:47,0,2,0,0
19/10/2022 12:46:48,0,2,0,0
19/10/2022 12:51:49,0,2,0,0
19/10/2022 12:56:49,0,0,1,0
19/10/2022 13:01:50,0,0,1,0
19/10/2022 13:06:50,0,0,1,0
19/10/2022 13:11:51,0,0,1,0
19/10/2022 13:16:52,0,0,1,0
19/10/2022 13:21:52,0,0,1,0
19/10/2022 13:26:53,0,0,1,0
19/10/2022 13:31:54,0,0,1,0
19/10/2022 13:36:54,0,0,2,1
19/10/2022 13:41:55,0,0,0,0
19/10/2022 13:46:55,0,0,0,0
19/10/2022 13:51:56,3,0,1,1
19/10/2022 13:56:57,3,0,2,2
19/10/2022 14:01:57,33,7,35,26
19/10/2022 14:06:58,43,12,40,33
19/10/2022 14:11:59,43,15,53,41
19/10/2022 14:16:59,56,20,61,49
19/10/2022 14:22:00,66,32,72,61
19/10/2022 14:27:01,83,42,77,69
19/10/2022 14:32:01,86,60,71,70
19/10/2022 14:37:02,83,55,71,69
19/10/2022 14:42:02,86,67,73,74
19/10/2022 14:47:03,76,75,78,78
19/10/2022 14:52:04,63,67,82,74
19/10/2022 14:57:05,76,65,85,78
19/10/2022 15:02:05,80,62,83,77
19/10/2022 15:07:06,66,70,80,75
19/10/2022 15:12:06,83,67,72,74
19/10/2022 15:17:07,93,47,73,70
19/10/2022 15:22:08,96,70,73,77
19/10/2022 15:27:08,76,85,75,78
19/10/2022 15:32:09,73,82,73,76
19/10/2022 15:37:09,76,75,76,75
19/10/2022 15:42:10,63,77,70,70
19/10/2022 15:47:11,56,77,63,66
19/10/2022 15:52:11,53,70,65,64
19/10/2022 15:57:12,63,65,56,61
19/10/2022 16:02:12,56,70,65,64
19/10/2022 16:07:13,76,65,60,65
19/10/2022 16:12:14,80,70,58,66
19/10/2022 16:17:14,73,70,58,65
19/10/2022 16:22:15,66,77,57,64
19/10/2022 16:27:16,63,72,58,64
19/10/2022 16:32:16,66,50,68,64
19/10/2022 16:37:17,80,42,73,68
19/10/2022 16:42:17,66,47,76,66
19/10/2022 16:47:18,73,60,67,66
19/10/2022 16:52:19,66,67,60,63
19/10/2022 16:57:19,66,62,52,57
19/10/2022 17:02:20,50,57,53,55
19/10/2022 17:07:20,53,57,57,56
19/10/2022 17:12:21,70,50,65,61
19/10/2022 17:17:22,90,45,68,66
19/10/2022 17:22:22,86,50,75,70
19/10/2022 17:27:23,80,50,76,70
19/10/2022 17:32:24,90,52,73,70
19/10/2022 17:37:24,90,50,73,70
19/10/2022 17:42:25,80,57,67,69
19/10/2022 17:47:26,80,57,66,67
19/10/2022 17:52:26,86,62,67,69
19/10/2022 17:57:27,73,55,72,68
19/10/2022 18:02:27,63,40,78,65
19/10/2022 18:07:28,76,50,67,64
19/10/2022 18:12:29,80,32,77,66
19/10/2022 18:17:29,86,40,76,70
19/10/2022 18:22:30,90,42,81,72
19/10/2022 18:27:30,90,55,75,72
19/10/2022 18:32:31,80,47,68,66
19/10/2022 18:37:32,90,37,71,66
19/10/2022 18:42:32,86,52,65,65
19/10/2022 18:47:33,93,42,63,64
19/10/2022 18:52:34,90,62,71,74
19/10/2022 18:57:34,96,47,76,71
19/10/2022 19:02:35,70,67,66,67
19/10/2022 19:07:35,90,57,62,66
19/10/2022 19:12:36,90,42,67,65
19/10/2022 19:17:37,73,52,71,66
19/10/2022 19:22:37,90,37,67,64
19/10/2022 19:27:38,80,47,77,70
19/10/2022 19:32:39,110,37,68,70
19/10/2022 19:37:39,100,57,68,72
19/10/2022 19:42:40,93,60,73,74
19/10/2022 19:47:40,86,70,68,72
19/10/2022 19:52:41,86,55,66,67
19/10/2022 19:57:42,80,50,66,65
19/10/2022 20:02:43,80,50,75,69
19/10/2022 20:07:43,90,57,71,71
19/10/2022 20:12:44,86,47,80,72
19/10/2022 20:17:45,93,47,90,80
19/10/2022 20:22:45,103,50,83,79
19/10/2022 20:27:46,106,60,73,76
19/10/2022 20:32:46,110,40,77,74
19/10/2022 20:37:47,110,42,83,78
19/10/2022 20:42:48,116,42,80,75
19/10/2022 20:47:48,113,40,81,76
19/10/2022 20:52:49,96,32,88,76
19/10/2022 20:57:50,113,32,87,78
19/10/2022 21:02:50,100,42,83,75
19/10/2022 21:07:51,90,47,80,74
19/10/2022 21:12:51,100,37,72,70
19/10/2022 21:17:52,106,40,68,68
19/10/2022 21:22:53,113,40,77,74
19/10/2022 21:27:53,120,40,80,78
19/10/2022 21:32:54,106,57,71,74
19/10/2022 21:37:55,100,40,80,73
19/10/2022 21:42:55,106,45,85,77
19/10/2022 21:47:56,96,47,66,66
19/10/2022 21:52:57,96,50,63,66
19/10/2022 21:57:57,83,45,68,63
19/10/2022 22:02:58,96,57,65,68
19/10/2022 22:07:58,106,35,68,68
19/10/2022 22:12:59,76,40,75,66
19/10/2022 22:18:00,100,52,66,68
19/10/2022 22:23:00,93,42,72,69
19/10/2022 22:28:01,96,57,77,76
19/10/2022 22:33:01,106,45,80,75
19/10/2022 22:38:02,116,47,75,75
19/10/2022 22:43:03,106,62,75,77
19/10/2022 22:48:03,110,60,82,81
19/10/2022 22:53:04,86,75,75,77
19/10/2022 22:58:05,96,52,65,67
19/10/2022 23:03:05,83,47,66,64
19/10/2022 23:08:06,90,37,68,64
19/10/2022 23:13:06,93,40,87,76
19/10/2022 23:18:07,96,42,91,80
19/10/2022 23:23:08,123,35,98,86
19/10/2022 23:28:08,130,52,96,91
19/10/2022 23:33:09,136,62,93,93
19/10/2022 23:38:09,150,65,110,105
19/10/2022 23:43:10,146,80,110,109
19/10/2022 23:48:11,143,75,110,107
19/10/2022 23:53:11,140,80,111,108
19/10/2022 23:58:12,130,82,110,107
20/10/2022 00:03:12,126,62,112,101
20/10/2022 00:08:13,143,85,91,100
20/10/2022 00:13:14,116,92,95,100
20/10/2022 00:18:14,106,85,106,100
20/10/2022 00:23:15,136,67,103,100
20/10/2022 00:28:16,133,80,91,96
20/10/2022 00:33:16,133,67,101,98
20/10/2022 00:38:17,146,75,96,100
20/10/2022 00:43:17,160,65,95,100
20/10/2022 00:48:18,150,75,96,102
20/10/2022 00:53:19,153,52,103,100
20/10/2022 00:58:19,153,50,105,100
20/10/2022 01:03:20,146,52,106,100
20/10/2022 01:08:21,153,45,106,100
20/10/2022 01:13:21,160,27,111,99
20/10/2022 01:18:22,160,37,107,99
20/10/2022 01:23:23,166,42,105,100
20/10/2022 01:28:23,170,27,110,100
20/10/2022 01:33:24,156,45,106,100
20/10/2022 01:38:24,140,52,107,99
20/10/2022 01:43:25,156,52,101,99
20/10/2022 01:48:25,156,32,110,99
20/10/2022 01:53:26,176,10,116,100
20/10/2022 01:58:27,153,25,118,100
20/10/2022 02:03:27,183,22,111,102
20/10/2022 02:08:28,183,22,110,101
20/10/2022 02:13:29,170,15,114,100
20/10/2022 02:18:29,173,22,108,99
20/10/2022 02:23:30,160,17,120,101
20/10/2022 02:28:30,160,17,123,102
20/10/2022 02:33:31,170,15,121,102
20/10/2022 02:38:32,160,35,113,102
20/10/2022 02:43:32,153,32,122,104
20/10/2022 02:48:33,153,27,125,104
20/10/2022 02:53:33,150,30,125,104
20/10/2022 02:58:34,156,7,136,106
20/10/2022 03:03:35,143,30,135,108
20/10/2022 03:08:35,146,37,118,102
20/10/2022 03:13:36,150,32,113,99
20/10/2022 03:18:37,160,35,116,102
20/10/2022 03:23:37,153,27,122,103
20/10/2022 03:28:38,160,25,120,102
20/10/2022 03:33:38,153,37,116,102
20/10/2022 03:38:39,150,42,114,102
20/10/2022 03:43:39,153,30,118,102
20/10/2022 03:48:40,150,30,102,92
20/10/2022 03:53:41,150,22,102,91
20/10/2022 03:58:41,150,37,103,95
20/10/2022 04:03:42,153,15,118,98
20/10/2022 04:08:43,153,35,110,98
20/10/2022 04:13:43,163,27,116,102
20/10/2022 04:18:44,163,37,120,106
20/10/2022 04:23:44,133,47,126,106
20/10/2022 04:28:45,143,65,113,106
20/10/2022 04:33:46,140,57,114,104
20/10/2022 04:38:46,150,45,122,107
20/10/2022 04:43:47,153,47,122,108
20/10/2022 04:48:47,170,25,125,107
20/10/2022 04:53:48,200,50,107,110
20/10/2022 04:58:49,190,47,113,111
20/10/2022 05:03:49,173,40,117,108
20/10/2022 05:08:50,166,40,126,111
20/10/2022 05:13:51,183,42,117,110
20/10/2022 05:18:51,173,30,110,101
20/10/2022 05:23:52,166,25,102,94
20/10/2022 05:28:52,130,35,111,94
20/10/2022 05:33:53,66,35,116,84
20/10/2022 05:38:54,60,37,108,80
20/10/2022 05:43:54,60,50,96,76
20/10/2022 05:48:55,60,20,88,64
20/10/2022 05:53:56,60,22,62,51
20/10/2022 05:58:56,63,0,36,26
20/10/2022 06:03:57,60,2,13,4
20/10/2022 06:08:57,60,2,13,4
20/10/2022 06:13:58,60,2,13,4
20/10/2022 06:18:59,60,2,13,4
20/10/2022 06:23:59,60,2,13,4
20/10/2022 06:29:00,60,2,13,4
20/10/2022 06:34:00,60,2,13,4
20/10/2022 06:39:01,60,2,13,4
20/10/2022 06:44:02,60,2,13,4
20/10/2022 06:49:02,60,2,13,4
20/10/2022 06:54:03,60,2,13,4
20/10/2022 06:59:03,60,2,13,4
20/10/2022 07:04:04,60,2,13,4
20/10/2022 07:09:05,60,2,13,4
20/10/2022 07:14:05,60,2,13,4
20/10/2022 07:19:06,60,2,13,4
20/10/2022 07:24:07,60,2,13,4
20/10/2022 07:29:07,60,2,13,4
20/10/2022 07:34:08,60,2,13,4
20/10/2022 07:39:09,60,2,13,4
20/10/2022 07:44:09,60,2,13,4
20/10/2022 07:49:10,60,2,13,4
20/10/2022 07:54:10,60,2,13,4
20/10/2022 07:59:11,60,2,13,4
20/10/2022 08:04:12,60,2,13,4
20/10/2022 08:09:12,60,2,13,4
20/10/2022 08:14:13,60,2,13,4
20/10/2022 08:19:14,60,2,13,4
20/10/2022 08:24:14,60,2,13,4
20/10/2022 08:29:15,60,2,13,4
20/10/2022 08:34:15,60,2,13,4
20/10/2022 08:39:16,60,2,13,4
20/10/2022 08:44:17,60,2,13,4
20/10/2022 08:49:17,60,2,13,4
20/10/2022 08:54:18,60,2,13,4
20/10/2022 08:59:19,60,2,13,4
20/10/2022 09:04:19,60,2,13,4
20/10/2022 09:09:20,60,2,13,4
20/10/2022 09:14:21,60,2,13,4
20/10/2022 09:19:21,60,2,13,4
20/10/2022 09:24:22,60,2,13,4
20/10/2022 09:29:22,60,2,13,4
20/10/2022 09:34:23,60,2,13,4
20/10/2022 09:39:24,60,2,13,4
20/10/2022 09:44:24,60,2,13,4
20/10/2022 09:49:25,60,2,13,4
20/10/2022 09:54:26,60,2,13,4
20/10/2022 09:59:26,60,2,13,4
20/10/2022 10:04:27,60,2,13,4
20/10/2022 10:09:27,60,2,13,4
20/10/2022 10:14:28,60,2,13,4
20/10/2022 10:19:29,60,2,13,4
20/10/2022 10:24:29,60,2,13,4
20/10/2022 10:29:30,60,2,13,4
20/10/2022 10:34:30,60,2,13,4
20/10/2022 10:39:31,60,2,13,4
20/10/2022 10:44:32,60,2,13,4
20/10/2022 10:49:32,60,2,13,4
20/10/2022 10:54:33,60,2,13,4
20/10/2022 10:59:34,60,2,13,4
20/10/2022 11:04:34,60,2,13,4
20/10/2022 11:09:35,60,2,13,4
20/10/2022 11:14:35,60,2,13,4
20/10/2022 11:19:36,60,2,13,4
20/10/2022 11:24:37,60,2,13,4
20/10/2022 11:29:37,0,0,0,0
20/10/2022 11:34:38,0,0,0,0
20/10/2022 11:39:39,0,0,0,0
20/10/2022 11:44:39,0,0,0,0
20/10/2022 11:49:40,0,0,0,0
20/10/2022 11:54:40,0,0,0,0
20/10/2022 11:59:41,0,0,0,0
20/10/2022 12:04:42,0,0,0,0
20/10/2022 12:09:42,0,0,0,0
20/10/2022 12:14:43,0,0,0,0
20/10/2022 12:19:43,0,0,0,0
20/10/2022 12:24:44,3,0,0,0
20/10/2022 12:29:45,3,0,0,0
20/10/2022 12:34:45,3,0,1,1
20/10/2022 12:39:46,3,0,0,0
20/10/2022 12:44:46,3,0,0,0
20/10/2022 12:49:47,3,0,0,0
20/10/2022 12:54:48,3,0,0,0
20/10/2022 12:59:48,0,2,0,0
20/10/2022 13:04:49,0,5,0,1
20/10/2022 13:09:50,0,5,0,1
20/10/2022 13:14:50,0,5,0,1
20/10/2022 13:19:51,0,2,2,2
20/10/2022 13:24:51,0,0,2,1
20/10/2022 13:29:52,0,0,2,1
20/10/2022 13:34:53,0,0,2,1
20/10/2022 13:39:53,0,0,2,1
20/10/2022 13:44:54,0,0,2,1
20/10/2022 13:49:55,0,2,3,2
20/10/2022 13:54:55,3,0,5,3
20/10/2022 13:59:56,0,0,5,2
20/10/2022 14:04:57,30,5,31,24
20/10/2022 14:09:57,36,15,37,31
20/10/2022 14:14:58,40,25,45,38
20/10/2022 14:19:59,50,37,50,46
20/10/2022 14:24:59,50,40,57,51
20/10/2022 14:30:00,63,47,58,56
20/10/2022 14:35:00,66,62,58,61
20/10/2022 14:40:01,63,65,60,62
20/10/2022 14:45:02,63,65,62,63
20/10/2022 14:50:02,70,60,52,57
20/10/2022 14:55:03,70,60,55,59
20/10/2022 15:00:03,70,62,52,58
20/10/2022 15:05:04,80,57,61,64
20/10/2022 15:10:05,73,72,56,64
20/10/2022 15:15:05,66,77,57,64
20/10/2022 15:20:06,60,67,61,62
20/10/2022 15:25:06,60,42,57,54
20/10/2022 15:30:07,40,50,62,53
20/10/2022 15:35:08,53,60,58,57
20/10/2022 15:40:08,63,57,57,58
20/10/2022 15:45:09,76,60,58,62
20/10/2022 15:50:10,70,60,60,61
20/10/2022 15:55:10,46,55,75,62
20/10/2022 16:00:11,53,47,78,65
20/10/2022 16:05:12,60,50,63,59
20/10/2022 16:10:12,86,47,51,57
20/10/2022 16:15:13,70,45,65,60
20/10/2022 16:20:13,63,50,58,57
20/10/2022 16:25:14,100,30,56,57
20/10/2022 16:30:15,73,40,57,56
20/10/2022 16:35:15,83,32,56,55
20/10/2022 16:40:16,80,55,55,60
20/10/2022 16:45:16,83,70,61,68
20/10/2022 16:50:17,86,67,62,68
20/10/2022 16:55:18,93,70,56,68
20/10/2022 17:00:18,93,67,65,70
20/10/2022 17:05:19,90,87,57,70
20/10/2022 17:10:20,86,75,82,81
20/10/2022 17:15:20,83,87,72,79
20/10/2022 17:20:21,90,92,75,82
20/10/2022 17:25:21,93,105,70,82
20/10/2022 17:30:22,83,90,68,78
20/10/2022 17:35:23,70,80,70,72
20/10/2022 17:40:23,73,87,68,74
20/10/2022 17:45:24,86,72,78,78
20/10/2022 17:50:25,80,72,72,72
20/10/2022 17:55:25,90,77,65,72
20/10/2022 18:00:26,100,80,70,78
20/10/2022 18:05:27,100,87,71,80
20/10/2022 18:10:27,96,75,68,76
20/10/2022 18:15:28,100,90,70,80
20/10/2022 18:20:28,86,85,71,78
20/10/2022 18:25:29,106,92,66,81
20/10/2022 18:30:30,110,82,81,86
20/10/2022 18:35:30,116,85,83,90
20/10/2022 18:40:31,100,82,92,90
20/10/2022 18:45:32,100,82,86,88
20/10/2022 18:50:32,110,75,77,83
20/10/2022 18:55:33,80,70,75,76
20/10/2022 19:00:34,83,65,76,74
20/10/2022 19:05:34,90,50,67,68
20/10/2022 19:10:35,73,62,76,72
20/10/2022 19:15:36,66,72,75,72
20/10/2022 19:20:36,63,65,76,70
20/10/2022 19:25:37,56,82,76,72
20/10/2022 19:30:37,66,77,66,70
20/10/2022 19:35:38,86,52,58,63
20/10/2022 19:40:39,83,67,65,69
20/10/2022 19:45:39,63,72,67,68
20/10/2022 19:50:40,80,67,71,72
20/10/2022 19:55:41,86,57,73,72
20/10/2022 20:00:41,63,62,78,69
20/10/2022 20:05:42,80,65,67,68
20/10/2022 20:10:42,90,57,67,69
20/10/2022 20:15:43,86,70,67,72
20/10/2022 20:20:44,100,62,72,75
20/10/2022 20:25:44,93,50,76,72
20/10/2022 20:30:45,86,52,78,74
20/10/2022 20:35:46,86,65,70,71
20/10/2022 20:40:46,76,67,68,70
20/10/2022 20:45:47,86,55,65,66
20/10/2022 20:50:47,90,45,66,66
20/10/2022 20:55:48,80,47,62,62
20/10/2022 21:00:49,73,42,65,60
20/10/2022 21:05:49,73,52,51,56
20/10/2022 21:10:50,80,45,63,62
20/10/2022 21:15:51,70,55,62,62
20/10/2022 21:20:51,76,50,70,65
20/10/2022 21:25:52,90,55,76,74
20/10/2022 21:30:52,86,57,75,72
20/10/2022 21:35:53,90,57,78,75
20/10/2022 21:40:54,110,42,73,72
20/10/2022 21:45:54,103,65,72,76
20/10/2022 21:50:55,113,62,81,82
20/10/2022 21:55:56,123,72,80,88
20/10/2022 22:00:56,120,77,78,88
20/10/2022 22:05:57,100,75,87,87
20/10/2022 22:10:57,110,72,82,85
20/10/2022 22:15:58,110,72,82,85
20/10/2022 22:20:59,106,72,80,84
20/10/2022 22:25:59,116,67,73,80
20/10/2022 22:31:00,96,70,92,87
20/10/2022 22:36:01,100,90,82,88
20/10/2022 22:41:01,113,82,90,92
20/10/2022 22:46:02,113,87,83,90
20/10/2022 22:51:02,90,87,93,91
20/10/2022 22:56:03,143,82,92,98
20/10/2022 23:01:04,123,92,101,102
20/10/2022 23:06:04,150,80,100,104
20/10/2022 23:11:05,133,110,110,115
20/10/2022 23:16:06,153,105,110,117
20/10/2022 23:21:06,163,85,110,115
20/10/2022 23:26:07,123,80,116,108
20/10/2022 23:31:07,123,92,105,106
20/10/2022 23:36:08,136,72,112,107
20/10/2022 23:41:09,126,67,116,106
20/10/2022 23:46:09,126,70,102,98
20/10/2022 23:51:10,146,72,88,96
20/10/2022 23:56:11,153,62,91,96
21/10/2022 00:01:11,140,47,98,92
21/10/2022 00:06:12,143,57,83,90
21/10/2022 00:11:12,146,52,88,90
21/10/2022 00:16:13,133,45,93,88
21/10/2022 00:21:14,130,65,88,90
21/10/2022 00:26:14,123,82,78,88
21/10/2022 00:31:15,116,70,91,90
21/10/2022 00:36:16,116,75,83,88
21/10/2022 00:41:16,126,75,81,88
21/10/2022 00:46:17,123,72,87,90
21/10/2022 00:51:18,130,67,91,92
21/10/2022 00:56:18,146,60,95,96
21/10/2022 01:01:19,150,62,98,99
21/10/2022 01:06:19,140,65,97,97
21/10/2022 01:11:20,110,80,105,98
21/10/2022 01:16:21,126,57,108,98
21/10/2022 01:21:21,140,60,103,98
21/10/2022 01:26:22,136,57,106,99
21/10/2022 01:31:22,150,50,103,98
21/10/2022 01:36:23,146,47,111,100
21/10/2022 01:41:24,120,70,105,98
21/10/2022 01:46:24,130,65,95,94
21/10/2022 01:51:25,126,70,93,94
21/10/2022 01:56:26,136,65,96,96
21/10/2022 02:01:26,130,62,96,94
21/10/2022 02:06:27,126,42,110,95
21/10/2022 02:11:27,123,60,107,98
21/10/2022 02:16:28,126,75,96,96
21/10/2022 02:21:29,123,75,100,98
21/10/2022 02:26:30,126,60,106,98
21/10/2022 02:31:30,133,60,100,96
21/10/2022 02:36:31,140,50,93,90
21/10/2022 02:41:31,133,57,98,94
21/10/2022 02:46:32,126,67,96,94
21/10/2022 02:51:33,120,57,110,98
21/10/2022 02:56:33,143,57,97,96
21/10/2022 03:01:34,153,62,96,98
21/10/2022 03:06:34,136,77,95,99
21/10/2022 03:11:35,126,85,100,101
21/10/2022 03:16:36,136,72,102,101
21/10/2022 03:21:36,130,75,105,102
21/10/2022 03:26:37,133,90,100,104
21/10/2022 03:31:37,120,95,103,104
21/10/2022 03:36:38,133,55,111,100
21/10/2022 03:41:39,133,65,101,98
21/10/2022 03:46:39,130,82,91,96
21/10/2022 03:51:40,133,72,92,95
21/10/2022 03:56:41,133,57,114,103
21/10/2022 04:01:41,153,57,100,100
21/10/2022 04:06:42,120,65,106,98
21/10/2022 04:11:43,136,50,112,100
21/10/2022 04:16:43,130,45,114,99
21/10/2022 04:21:44,140,50,111,100
21/10/2022 04:26:45,130,55,111,100
21/10/2022 04:31:45,136,65,105,100
21/10/2022 04:36:46,123,65,110,100
21/10/2022 04:41:46,116,70,110,100
21/10/2022 04:46:47,126,67,108,101
21/10/2022 04:51:48,140,57,110,102
21/10/2022 04:56:48,130,62,110,101
21/10/2022 05:01:49,136,52,112,101
21/10/2022 05:06:50,126,52,114,100
21/10/2022 05:11:50,106,67,114,100
21/10/2022 05:16:51,103,80,112,102
21/10/2022 05:21:52,80,100,108,100
21/10/2022 05:26:52,80,82,120,102
21/10/2022 05:31:53,36,97,127,101
21/10/2022 05:36:53,30,100,121,97
21/10/2022 05:41:54,33,85,118,92
21/10/2022 05:46:55,30,92,107,88
21/10/2022 05:51:55,30,77,107,84
21/10/2022 05:56:56,30,45,93,68
21/10/2022 06:01:56,30,7,33,20
21/10/2022 06:06:57,30,0,18,10
21/10/2022 06:11:58,30,0,17,10
21/10/2022 06:16:58,30,0,17,10
21/10/2022 06:21:59,30,0,17,10
21/10/2022 06:27:00,30,0,17,10
21/10/2022 06:32:00,30,0,17,10
21/10/2022 06:37:01,30,0,17,10
21/10/2022 06:42:02,30,0,17,10
21/10/2022 06:47:02,30,0,17,10
21/10/2022 06:52:03,30,0,17,10
21/10/2022 06:57:03,30,0,17,10
21/10/2022 07:02:04,30,0,17,10
21/10/2022 07:07:05,30,0,17,10
21/10/2022 07:12:05,30,0,17,10
21/10/2022 07:17:06,30,0,17,10
21/10/2022 07:22:07,30,0,17,10
21/10/2022 07:27:07,30,0,17,10
21/10/2022 07:32:08,30,0,17,10
21/10/2022 07:37:08,30,0,17,10
21/10/2022 07:42:09,30,0,17,10
21/10/2022 07:47:10,30,0,17,10
21/10/2022 07:52:10,30,0,17,10
21/10/2022 07:57:11,30,0,17,10
21/10/2022 08:02:11,30,0,17,10
21/10/2022 08:07:12,30,0,17,10
21/10/2022 08:12:13,30,0,17,10
21/10/2022 08:17:13,30,0,17,10
21/10/2022 08:22:14,30,0,17,10
21/10/2022 08:27:15,30,0,17,10
21/10/2022 08:32:15,30,0,17,10
21/10/2022 08:37:16,30,0,17,10
21/10/2022 08:42:16,30,0,17,10
21/10/2022 08:47:17,30,0,17,10
21/10/2022 08:52:18,30,0,17,10
21/10/2022 08:57:18,30,0,17,10
21/10/2022 09:02:19,30,0,17,10
21/10/2022 09:07:20,30,0,17,10
21/10/2022 09:12:20,30,0,17,10
21/10/2022 09:17:21,30,0,17,10
21/10/2022 09:22:21,30,0,17,10
21/10/2022 09:27:22,30,0,17,10
21/10/2022 09:32:23,30,0,17,10
21/10/2022 09:37:23,30,0,17,10
21/10/2022 09:42:24,30,0,17,10
21/10/2022 09:47:25,30,0,17,10
21/10/2022 09:52:25,30,0,17,10
21/10/2022 09:57:26,30,0,17,10
21/10/2022 10:02:26,30,0,17,10
21/10/2022 10:07:27,30,0,17,10
21/10/2022 10:12:28,30,0,17,10
21/10/2022 10:17:28,30,0,17,10
21/10/2022 10:22:29,30,0,17,10
21/10/2022 10:27:29,30,0,17,10
21/10/2022 10:32:30,30,0,17,10
21/10/2022 10:37:31,30,0,17,10
21/10/2022 10:42:31,30,0,17,10
21/10/2022 10:47:32,30,0,17,10
21/10/2022 10:52:32,30,0,17,10
21/10/2022 10:57:33,30,0,17,10
21/10/2022 11:02:34,30,0,17,10
21/10/2022 11:07:34,30,0,18,10
21/10/2022 11:12:35,30,0,18,10
21/10/2022 11:17:35,30,0,18,10
21/10/2022 11:22:36,30,0,18,10
21/10/2022 11:27:37,0,0,1,0
21/10/2022 11:32:37,0,0,1,0
21/10/2022 11:37:38,0,0,1,0
21/10/2022 11:42:39,0,0,1,0
21/10/2022 11:47:39,0,0,1,0
21/10/2022 11:52:40,3,2,0,0
21/10/2022 11:57:40,3,2,0,0
21/10/2022 12:02:41,6,0,0,0
21/10/2022 12:07:41,6,0,0,0
21/10/2022 12:12:42,6,0,0,0
21/10/2022 12:17:43,3,0,0,0
21/10/2022 12:22:43,3,0,1,0
21/10/2022 12:27:44,3,0,1,0
21/10/2022 12:32:45,3,2,0,0
21/10/2022 12:37:45,0,2,1,0
21/10/2022 12:42:46,0,2,0,0
21/10/2022 12:47:46,0,2,0,0
21/10/2022 12:52:47,0,2,0,0
21/10/2022 12:57:48,0,2,0,0
21/10/2022 13:02:49,0,2,0,0
21/10/2022 13:07:49,0,2,1,0
21/10/2022 13:12:50,0,2,1,0
21/10/2022 13:17:50,0,2,1,0
21/10/2022 13:22:51,0,2,1,0
21/10/2022 13:27:51,0,2,2,0
21/10/2022 13:32:52,0,5,1,1
21/10/2022 13:37:53,0,5,1,1
21/10/2022 13:42:53,0,5,0,0
21/10/2022 13:47:54,0,5,2,2
21/10/2022 13:52:55,3,2,3,2
21/10/2022 13:57:55,0,2,5,2
21/10/2022 14:02:56,30,17,25,22
21/10/2022 14:07:56,33,17,27,25
21/10/2022 14:12:57,46,20,48,40
21/10/2022 14:17:58,46,22,55,44
21/10/2022 14:22:58,60,30,52,47
21/10/2022 14:27:59,56,32,55,48
21/10/2022 14:32:59,50,35,62,52
21/10/2022 14:38:00,46,45,62,54
21/10/2022 14:43:01,53,50,65,57
21/10/2022 14:48:01,66,45,62,57
21/10/2022 14:53:02,80,45,65,62
21/10/2022 14:58:02,76,52,62,62
21/10/2022 15:03:03,66,65,65,64
21/10/2022 15:08:04,63,55,61,58
21/10/2022 15:13:04,46,50,63,56
21/10/2022 15:18:05,56,47,62,56
21/10/2022 15:23:06,53,60,56,56
21/10/2022 15:28:06,56,57,57,56
21/10/2022 15:33:07,63,57,55,56
21/10/2022 15:38:07,70,62,57,60
21/10/2022 15:43:08,53,55,61,57
21/10/2022 15:48:09,70,47,62,59
21/10/2022 15:53:09,56,55,60,57
21/10/2022 15:58:10,50,47,58,53
21/10/2022 16:03:11,53,55,56,55
21/10/2022 16:08:11,56,52,58,55
21/10/2022 16:13:12,36,62,63,57
21/10/2022 16:18:12,36,60,61,55
21/10/2022 16:23:13,60,50,57,55
21/10/2022 16:28:14,50,57,60,57
21/10/2022 16:33:14,60,42,73,62
21/10/2022 16:38:15,56,45,73,62
21/10/2022 16:43:15,56,45,68,59
21/10/2022 16:48:16,63,37,68,58
21/10/2022 16:53:17,70,60,70,67
21/10/2022 16:58:17,56,62,70,64
21/10/2022 17:03:18,76,70,65,68
21/10/2022 17:08:19,66,65,63,64
21/10/2022 17:13:19,63,77,77,74
21/10/2022 17:18:20,73,75,78,75
21/10/2022 17:23:21,80,82,78,78
21/10/2022 17:28:21,86,75,88,84
21/10/2022 17:33:22,96,65,92,85
21/10/2022 17:38:22,110,85,83,88
21/10/2022 17:43:23,90,92,90,90
21/10/2022 17:48:24,80,70,98,86
21/10/2022 17:53:24,86,90,90,88
21/10/2022 17:58:25,100,85,78,84
21/10/2022 18:03:26,103,72,80,82
21/10/2022 18:08:26,86,70,82,79
21/10/2022 18:13:27,76,65,83,76
21/10/2022 18:18:27,86,65,73,73
21/10/2022 18:23:28,70,67,88,78
21/10/2022 18:28:29,76,72,93,83
21/10/2022 18:33:29,66,82,92,84
21/10/2022 18:38:30,73,75,92,83
21/10/2022 18:43:31,83,87,78,81
21/10/2022 18:48:31,86,70,73,74
21/10/2022 18:53:32,80,72,76,75
21/10/2022 18:58:32,73,60,78,73
21/10/2022 19:03:33,66,75,72,71
21/10/2022 19:08:34,86,42,85,74
21/10/2022 19:13:34,60,45,85,68
21/10/2022 19:18:35,76,47,86,73
21/10/2022 19:23:36,70,67,71,69
21/10/2022 19:28:36,70,70,82,77
21/10/2022 19:33:37,90,67,91,84
21/10/2022 19:38:38,110,60,93,87
21/10/2022 19:43:38,116,65,96,90
21/10/2022 19:48:39,106,80,82,86
21/10/2022 19:53:39,113,72,86,87
21/10/2022 19:58:40,126,62,85,84
21/10/2022 20:03:41,100,67,96,88
21/10/2022 20:08:41,120,62,95,92
21/10/2022 20:13:42,130,70,86,90
21/10/2022 20:18:42,126,57,90,88
21/10/2022 20:23:43,100,57,106,91
21/10/2022 20:28:44,123,65,105,96
21/10/2022 20:33:44,126,77,93,96
21/10/2022 20:38:45,120,87,98,100
21/10/2022 20:43:46,106,90,93,94
21/10/2022 20:48:46,116,82,106,101
21/10/2022 20:53:47,103,77,98,94
21/10/2022 20:58:47,113,70,96,92
21/10/2022 21:03:48,120,67,98,94
21/10/2022 21:08:49,103,80,103,96
21/10/2022 21:13:49,113,77,96,94
21/10/2022 21:18:50,130,102,92,102
21/10/2022 21:23:50,113,85,106,101
21/10/2022 21:28:51,130,70,105,100
21/10/2022 21:33:52,126,65,108,100
21/10/2022 21:38:52,126,75,103,100
21/10/2022 21:43:53,113,80,105,98
21/10/2022 21:48:54,116,77,103,100
21/10/2022 21:53:54,130,77,95,96
21/10/2022 21:58:55,113,75,98,94
21/10/2022 22:03:55,113,67,101,94
21/10/2022 22:08:56,116,82,105,100
21/10/2022 22:13:57,116,77,101,96
21/10/2022 22:18:57,130,70,100,97
21/10/2022 22:23:58,120,72,93,92
21/10/2022 22:28:58,113,87,105,98
21/10/2022 22:33:59,123,95,101,102
21/10/2022 22:39:00,136,87,98,102
21/10/2022 22:44:00,143,70,93,98
21/10/2022 22:49:01,126,75,100,98
21/10/2022 22:54:02,126,77,97,96
21/10/2022 22:59:02,140,65,98,97
21/10/2022 23:04:03,143,60,100,96
21/10/2022 23:09:03,136,42,100,90
21/10/2022 23:14:04,140,57,93,92
21/10/2022 23:19:05,143,65,91,94
21/10/2022 23:24:05,130,55,95,89
21/10/2022 23:29:06,143,32,98,89
21/10/2022 23:34:07,163,55,93,95
21/10/2022 23:39:07,143,57,95,92
21/10/2022 23:44:08,146,55,97,96
21/10/2022 23:49:09,156,57,93,96
21/10/2022 23:54:09,153,67,95,100
21/10/2022 23:59:10,150,52,106,99
22/10/2022 00:04:10,170,40,101,97
22/10/2022 00:09:11,140,50,106,97
22/10/2022 00:14:12,156,37,101,94
22/10/2022 00:19:12,150,40,103,96
22/10/2022 00:24:13,143,42,112,100
22/10/2022 00:29:14,143,45,100,93
22/10/2022 00:34:14,136,57,108,100
22/10/2022 00:39:15,140,62,110,102
22/10/2022 00:44:15,146,70,103,102
22/10/2022 00:49:16,153,60,106,104
22/10/2022 00:54:17,150,47,107,99
22/10/2022 00:59:17,153,42,110,100
22/10/2022 01:04:18,150,50,106,99
22/10/2022 01:09:18,140,47,105,96
22/10/2022 01:14:19,133,45,111,97
22/10/2022 01:19:20,126,50,96,89
22/10/2022 01:24:20,130,35,100,88
22/10/2022 01:29:21,130,52,82,83
22/10/2022 01:34:22,136,30,93,84
22/10/2022 01:39:22,130,45,98,90
22/10/2022 01:44:23,146,52,97,95
22/10/2022 01:49:23,140,45,103,94
22/10/2022 01:54:24,143,60,102,98
22/10/2022 01:59:25,163,17,110,95
22/10/2022 02:04:25,156,30,110,97
22/10/2022 02:09:26,163,37,98,94
22/10/2022 02:14:27,163,40,103,98
22/10/2022 02:19:27,150,27,97,88
22/10/2022 02:24:28,140,32,103,91
22/10/2022 02:29:29,153,27,96,88
22/10/2022 02:34:30,143,22,105,90
22/10/2022 02:39:30,126,32,100,86
22/10/2022 02:44:31,140,17,96,82
22/10/2022 02:49:31,163,20,82,81
22/10/2022 02:54:32,153,15,98,86
22/10/2022 02:59:33,133,47,97,90
22/10/2022 03:04:33,150,30,90,85
22/10/2022 03:09:34,150,20,93,84
22/10/2022 03:14:35,116,15,96,78
22/10/2022 03:19:35,110,25,93,78
22/10/2022 03:24:36,116,22,90,76
22/10/2022 03:29:36,140,25,85,79
22/10/2022 03:34:37,136,15,85,76
22/10/2022 03:39:38,126,15,85,74
22/10/2022 03:44:38,123,5,90,72
22/10/2022 03:49:39,113,12,83,68
22/10/2022 03:54:40,113,12,90,72
22/10/2022 03:59:40,130,2,86,70
22/10/2022 04:04:41,113,15,86,70
22/10/2022 04:09:41,120,5,83,68
22/10/2022 04:14:42,130,5,83,70
22/10/2022 04:19:43,130,17,88,76
22/10/2022 04:24:43,116,35,80,73
22/10/2022 04:29:44,123,17,81,70
22/10/2022 04:34:45,130,30,83,76
22/10/2022 04:39:45,126,25,76,70
